Model,Retained,Seed,auroc,auprc,brier
GRU,100,11,0.8225163710936589,0.47385057848977513,0.17429028388213458
MLP-ODE,100,11,0.7999114446179301,0.41949927472980764,0.1069010935156345
KAN-ODE,100,11,0.8206753513085222,0.46359096091067326,0.27732907430545095
LTC,100,11,0.6657267367341707,0.2696329957088518,0.2413290795407994
CfC,100,11,0.8047353825359466,0.46225952815020876,0.17539541674218223
GRU,100,22,0.8225163710936589,0.47385057848977513,0.17429028388213458
MLP-ODE,100,22,0.7999114446179301,0.41949927472980764,0.1069010935156345
KAN-ODE,100,22,0.8206753513085222,0.46359096091067326,0.27732907430545095
LTC,100,22,0.6657267367341707,0.2696329957088518,0.2413290795407994
CfC,100,22,0.8047353825359466,0.46225952815020876,0.17539541674218223
GRU,100,33,0.8225163710936589,0.47385057848977513,0.17429028388213458
MLP-ODE,100,33,0.7999114446179301,0.41949927472980764,0.1069010935156345
KAN-ODE,100,33,0.8206753513085222,0.46359096091067326,0.27732907430545095
LTC,100,33,0.6657267367341707,0.2696329957088518,0.2413290795407994
CfC,100,33,0.8047353825359466,0.46225952815020876,0.17539541674218223
GRU,100,44,0.8225163710936589,0.47385057848977513,0.17429028388213458
MLP-ODE,100,44,0.7999114446179301,0.41949927472980764,0.1069010935156345
KAN-ODE,100,44,0.8206753513085222,0.46359096091067326,0.27732907430545095
LTC,100,44,0.6657267367341707,0.2696329957088518,0.2413290795407994
CfC,100,44,0.8047353825359466,0.46225952815020876,0.17539541674218223
GRU,100,55,0.8225163710936589,0.47385057848977513,0.17429028388213458
MLP-ODE,100,55,0.7999114446179301,0.41949927472980764,0.1069010935156345
KAN-ODE,100,55,0.8206753513085222,0.46359096091067326,0.27732907430545095
LTC,100,55,0.6657267367341707,0.2696329957088518,0.2413290795407994
CfC,100,55,0.8047353825359466,0.46225952815020876,0.17539541674218223
GRU,75,11,0.8223998508540934,0.47451830708992115,0.18186571388064163
MLP-ODE,75,11,0.800074572953322,0.4257294324197917,0.1068628377714365
KAN-ODE,75,11,0.8192071962899956,0.4585694792261581,0.27684015734212297
LTC,75,11,0.6667987229381744,0.27924901187176315,0.24210317338188797
CfC,75,11,0.8080212532916967,0.4679776508750688,0.17356172460949987
GRU,75,22,0.8313019971569061,0.5139023719375747,0.1765067823590621
MLP-ODE,75,22,0.7956934119456549,0.4134019117480205,0.10894360754265134
KAN-ODE,75,22,0.8149658595698072,0.44404055061734354,0.2785343172423917
LTC,75,22,0.6609727109598937,0.2760462387989891,0.24169212706910811
CfC,75,22,0.7968353102933979,0.45507327557014693,0.17620318252712758
GRU,75,33,0.8221668103749622,0.4644410286325227,0.17813677778390954
MLP-ODE,75,33,0.7985132017431428,0.4241709885312877,0.1068552031983613
KAN-ODE,75,33,0.8186945072359069,0.4597491493207265,0.2777125591321006
LTC,75,33,0.6680105334296567,0.28358290711469775,0.24186757489182667
CfC,75,33,0.8077183006688262,0.46418719413350334,0.17237519359310474
GRU,75,44,0.8211181282188716,0.4813231756750697,0.18189060626086268
MLP-ODE,75,44,0.8031740113257673,0.41581614837079856,0.10638858840874742
KAN-ODE,75,44,0.8205588310689567,0.4400570298875662,0.27660758978918987
LTC,75,44,0.6638973689729906,0.2663092560741022,0.24178117611527086
CfC,75,44,0.7956701078977417,0.44089062851482497,0.17765154086707294
GRU,75,55,0.8217007294166997,0.4868618267915306,0.1806803633219674
MLP-ODE,75,55,0.8020554170259374,0.41268843262337496,0.10755970290728815
KAN-ODE,75,55,0.8219104658479177,0.45110397913258216,0.2767635509668969
LTC,75,55,0.6656335205425183,0.256392095952858,0.2419489831150644
CfC,75,55,0.8039197408589872,0.47023526440220065,0.17650042220397572
GRU,50,11,0.8366619281769244,0.5033487459105923,0.18763826835818287
MLP-ODE,50,11,0.7982335531681853,0.42928585197950725,0.10720350324136538
KAN-ODE,50,11,0.8195567570086925,0.4706750302199331,0.27650674816817655
LTC,50,11,0.6655170003029527,0.267644182831953,0.24271418683626458
CfC,50,11,0.8069725711356063,0.4718755551483395,0.17769744271627147
GRU,50,22,0.8134510964554543,0.48749769523608266,0.1960641106674298
MLP-ODE,50,22,0.8035701801402904,0.4375226684027262,0.10638982319716471
KAN-ODE,50,22,0.8211181282188716,0.48402524332415126,0.2780198925631644
LTC,50,22,0.6476660996015007,0.26184161837346964,0.2430508025148807
CfC,50,22,0.8083941180583066,0.4532686453403466,0.1810365611619962
GRU,50,33,0.8193237165295612,0.4666956822437486,0.18928372945153976
MLP-ODE,50,33,0.7929668383398196,0.40416988376771956,0.10989560274403085
KAN-ODE,50,33,0.8150590757614599,0.43577499499472044,0.2751397955232673
LTC,50,33,0.6534221994360421,0.23838706885618588,0.2424778245851803
CfC,50,33,0.803127403229941,0.4150521870383006,0.17373037396936244
GRU,50,44,0.8305329635757731,0.4708257835090945,0.18465949225546785
MLP-ODE,50,44,0.8069492670876932,0.43937139538548786,0.10574491170442328
KAN-ODE,50,44,0.8276898697303722,0.47281518828263147,0.2763825127034454
LTC,50,44,0.6664724662673907,0.2657623877165013,0.2425978984210011
CfC,50,44,0.8162242781571158,0.43674427342550676,0.1765190691586515
GRU,50,55,0.8072522197105637,0.4468769812288974,0.19096077273153736
MLP-ODE,50,55,0.7950642026520006,0.40082143464898656,0.10930819917567366
KAN-ODE,50,55,0.8126587588264083,0.45661820599559405,0.27989487224859316
LTC,50,55,0.6489944303325488,0.25611298535656335,0.24278121288484192
CfC,50,55,0.8027079303675049,0.43665313461839955,0.17809832779309734
GRU,25,11,0.8009368227261076,0.4239165214506643,0.21511809484309713
MLP-ODE,25,11,0.8014728158281094,0.4496070174140774,0.11048379416904137
KAN-ODE,25,11,0.8198364055836498,0.47662973961540067,0.27297974666741043
LTC,25,11,0.6614154878702431,0.2630697617448742,0.24313121563222354
CfC,25,11,0.7936892638251264,0.4442785365643602,0.19073267576405703
GRU,25,22,0.7941553447833888,0.41723025437674555,0.21809483129728013
MLP-ODE,25,22,0.7860455361096224,0.37718430458970154,0.11454068901594842
KAN-ODE,25,22,0.8086970706811772,0.43772313453497663,0.2810994492654019
LTC,25,22,0.6518375241779497,0.2737211160936666,0.24311406404142513
CfC,25,22,0.7822236722518703,0.4033987663459622,0.19363655133424715
GRU,25,33,0.7975344317307916,0.4115005788568549,0.21620350360489624
MLP-ODE,25,33,0.7904033930693761,0.4059042868676058,0.11120009009199142
KAN-ODE,25,33,0.8124723264431031,0.4428976224617539,0.2689438878098056
LTC,25,33,0.6542844492088276,0.27253793294631157,0.24337314773778554
CfC,25,33,0.7911957306984223,0.39056376065921644,0.1893424118968442
GRU,25,44,0.7916385076087716,0.40862029944609557,0.22001639899799746
MLP-ODE,25,44,0.775535410500804,0.3675235873384684,0.11559711631627159
KAN-ODE,25,44,0.8003542215282795,0.404433877974274,0.2731111600269928
LTC,25,44,0.6166251077812216,0.19717988840135087,0.24430500051155357
CfC,25,44,0.7817109831977814,0.4132443536900835,0.18625535724855388
GRU,25,55,0.7923842371419916,0.42858983793489197,0.21511368541216466
MLP-ODE,25,55,0.7975344317307917,0.3989754289178218,0.11060377024696223
KAN-ODE,25,55,0.8150590757614598,0.44364867502085253,0.271464775556139
LTC,25,55,0.6551700030295262,0.24005507668686737,0.24276884864587392
CfC,25,55,0.8016242921395447,0.45832192499646457,0.18683485490636162
