Model,Retained,AUROC_mean,AUROC_std,AUPRC_mean,AUPRC_std,Brier_mean,Brier_std
CfC,25,0.790088788422549,0.008356199242088427,0.4219614684512174,0.028401198844171006,0.1893603702300128,0.003007848196042092
CfC,50,0.807485260189695,0.0054606113494298355,0.44271875911417863,0.021209339596982037,0.1774163549598758,0.0026477144808977867
CfC,75,0.8024329426021299,0.005883116011425189,0.45967280269914895,0.01198792671166284,0.17525841276015616,0.002199655822683715
CfC,100,0.8047353825359466,0.0,0.46225952815020876,0.0,0.17539541674218223,0.0
GRU,25,0.7953298687982102,0.0038723516762969186,0.4179714984130505,0.008336060188460583,0.21690930283108711,0.0021207513322907207
GRU,50,0.8214443848896554,0.012082873550920319,0.4750489776256831,0.021430829127612926,0.18972127469283154,0.0042402808356340116
GRU,75,0.8237375032043065,0.004256980482375513,0.4842093420253238,0.01858590883923436,0.17981604872128867,0.0023991222726606476
GRU,100,0.8225163710936589,0.0,0.47385057848977513,0.0,0.17429028388213458,0.0
KAN-ODE,25,0.8112838199995339,0.007330743799009285,0.4410666099214516,0.025631483269129493,0.27351980386514996,0.004557187319313571
KAN-ODE,50,0.8192165179091608,0.005827051246123096,0.4639817325634061,0.018536545422907613,0.2771887642413294,0.0018253256632933697
KAN-ODE,75,0.8190673720025169,0.002611925341670521,0.4507040376368753,0.00868331738509346,0.2772916348945404,0.0008173216858362739
KAN-ODE,100,0.8206753513085221,0.0,0.4635909609106733,0.0,0.27732907430545095,0.0
LTC,25,0.6478665144135537,0.01781782760078899,0.2493127551746141,0.032124650208356996,0.24333845531377235,0.0005816280315773726
LTC,50,0.656414439188087,0.009007829972447404,0.25794964862693465,0.011792351051608595,0.2427243850484337,0.00021602817980704206
LTC,75,0.6650625713686468,0.002743872278851552,0.272315901962482,0.010938192534515915,0.24187860691463162,0.0001579336148363153
LTC,100,0.6657267367341707,0.0,0.2696329957088518,0.0,0.2413290795407994,0.0
MLP-ODE,25,0.7901983174477407,0.010163923645549713,0.399838925025535,0.03190576020375711,0.11248509196804302,0.0024034334236296318
MLP-ODE,50,0.7993568082775978,0.005829189783747038,0.4222342468368855,0.018452456261484916,0.10770840801253159,0.001816044124903292
MLP-ODE,75,0.7999021229987648,0.002958632216140861,0.4183613827386547,0.006150134329309588,0.10732198796569695,0.000998261000269599
MLP-ODE,100,0.7999114446179301,0.0,0.4194992747298077,0.0,0.10690109351563451,0.0
