Model,Retained,AUROC_mean,AUROC_sd,AUPRC_mean,AUPRC_sd,Brier_mean,Brier_sd
CfC,25,0.7901,0.0084,0.422,0.0284,0.1894,0.003
CfC,50,0.8075,0.0055,0.4427,0.0212,0.1774,0.0026
CfC,75,0.8024,0.0059,0.4597,0.012,0.1753,0.0022
CfC,100,0.8047,0.0,0.4623,0.0,0.1754,0.0
GRU,25,0.7953,0.0039,0.418,0.0083,0.2169,0.0021
GRU,50,0.8214,0.0121,0.475,0.0214,0.1897,0.0042
GRU,75,0.8237,0.0043,0.4842,0.0186,0.1798,0.0024
GRU,100,0.8225,0.0,0.4739,0.0,0.1743,0.0
KAN-ODE,25,0.8113,0.0073,0.4411,0.0256,0.2735,0.0046
KAN-ODE,50,0.8192,0.0058,0.464,0.0185,0.2772,0.0018
KAN-ODE,75,0.8191,0.0026,0.4507,0.0087,0.2773,0.0008
KAN-ODE,100,0.8207,0.0,0.4636,0.0,0.2773,0.0
LTC,25,0.6479,0.0178,0.2493,0.0321,0.2433,0.0006
LTC,50,0.6564,0.009,0.2579,0.0118,0.2427,0.0002
LTC,75,0.6651,0.0027,0.2723,0.0109,0.2419,0.0002
LTC,100,0.6657,0.0,0.2696,0.0,0.2413,0.0
MLP-ODE,25,0.7902,0.0102,0.3998,0.0319,0.1125,0.0024
MLP-ODE,50,0.7994,0.0058,0.4222,0.0185,0.1077,0.0018
MLP-ODE,75,0.7999,0.003,0.4184,0.0062,0.1073,0.001
MLP-ODE,100,0.7999,0.0,0.4195,0.0,0.1069,0.0
