epoch,loss,val_auprc,val_auroc,val_brier,sec,peak_gpu_mb
1,1.118714719333432,0.3732626662283177,0.7193260469343524,0.20062954310121522,3.615101637000066,31.6318359375
2,0.993813544511795,0.40475559313692777,0.7644892917899839,0.1880508491772523,4.126763543000038,31.6318359375
3,0.950563442977992,0.39877089034948787,0.7696394863787841,0.15919334755023862,3.3642911219999405,31.6318359375
4,0.9534722078930248,0.400792061438912,0.7825033208268276,0.1706284830876698,3.5439610820001235,31.6318359375
5,0.9305870289152319,0.40095117964861815,0.783552002982918,0.17274697567232034,3.9945762709999144,31.6318359375
6,0.913927843963558,0.4066743890126542,0.7902868728298106,0.15792619448670756,3.384271032000015,31.6318359375
7,0.8996111168102785,0.39757952934641505,0.7942252569271283,0.16159896252513137,3.7465187739999237,31.6318359375
8,0.8992013138803568,0.41758886257524114,0.8007969984386287,0.18936761260219356,3.8365839269999924,31.6318359375
9,0.877246804535389,0.41193949978112576,0.8060870173149076,0.17941383991838758,3.304438558999891,31.6318359375
10,0.8687456751411612,0.41937467035805076,0.8007969984386288,0.1677791698092813,3.813806162999981,31.6318359375
11,0.8582420884208246,0.40408944149853976,0.7963692293351355,0.1506209040847004,3.711277683999924,31.6318359375
12,0.8570380434393883,0.43379426685900613,0.8098389690289203,0.1752471987948506,3.3773139730001276,31.6318359375
13,0.8512046834961935,0.42641082134549113,0.8157115891030272,0.1955363980144245,3.8778138630000285,31.6318359375
14,0.8291621126911857,0.42606050215869556,0.8055277201649927,0.16512892509160462,3.581869513000129,31.6318359375
15,0.8128506402400407,0.4164792054973755,0.8017291603551537,0.15945971449219282,3.3547834910000347,31.6318359375
16,0.798712479119951,0.4208863541564036,0.8057607606441238,0.15362932506670274,3.9846668610000506,31.6318359375
17,0.7855255160142075,0.41556881073928653,0.8034070518048986,0.1601913468138267,3.4566362169998683,31.6318359375
