Input,Input_value,Vector_field_magnitude,Mean_signed_derivative
Normalized time,0.0,0.10024122148752213,-0.021016467362642288
Normalized time,0.010101010091602802,0.10025472939014435,-0.020969608798623085
Normalized time,0.020202020183205605,0.1002701073884964,-0.020920533686876297
Normalized time,0.03030303120613098,0.10028731822967529,-0.02086913213133812
Normalized time,0.04040404036641121,0.10030637681484222,-0.020815309137105942
Normalized time,0.05050504952669144,0.10032722353935242,-0.02075895667076111
Normalized time,0.06060606241226196,0.10034986585378647,-0.020699981600046158
Normalized time,0.07070706784725189,0.1003742665052414,-0.020638270303606987
Normalized time,0.08080808073282242,0.1004004180431366,-0.020573724061250687
Normalized time,0.09090909361839294,0.10042832791805267,-0.0205062422901392
Normalized time,0.10101009905338287,0.10045798867940903,-0.020435722544789314
Normalized time,0.1111111119389534,0.10048937797546387,-0.020362064242362976
Normalized time,0.12121212482452393,0.10052250325679779,-0.02028515934944153
Normalized time,0.13131313025951385,0.10055737942457199,-0.020204907283186913
Normalized time,0.14141413569450378,0.10059401392936707,-0.02012120932340622
Normalized time,0.1515151560306549,0.10063241422176361,-0.020033953711390495
Normalized time,0.16161616146564484,0.10067261010408401,-0.01994304731488228
Normalized time,0.17171716690063477,0.10071461647748947,-0.019848382100462914
Normalized time,0.1818181872367859,0.10075848549604416,-0.019749857485294342
Normalized time,0.19191919267177582,0.10080422461032867,-0.019647367298603058
Normalized time,0.20202019810676575,0.10085190087556839,-0.01954081282019615
Normalized time,0.21212121844291687,0.10090155899524689,-0.019430089741945267
Normalized time,0.2222222238779068,0.10095327347517014,-0.019315093755722046
Normalized time,0.23232322931289673,0.10100708156824112,-0.01919572427868843
Normalized time,0.24242424964904785,0.1010630652308464,-0.019071875140070915
Normalized time,0.2525252401828766,0.10112133622169495,-0.01894344948232174
Normalized time,0.2626262605190277,0.10118196159601212,-0.01881033554673195
Normalized time,0.27272728085517883,0.10124506056308746,-0.018672440201044083
Normalized time,0.28282827138900757,0.10131072252988815,-0.018529655411839485
Normalized time,0.2929292917251587,0.10137908905744553,-0.01838187873363495
Normalized time,0.3030303120613098,0.10145031660795212,-0.018229011446237564
Normalized time,0.31313130259513855,0.10152449458837509,-0.018070941790938377
Normalized time,0.3232323229312897,0.10160183161497116,-0.017907580360770226
Normalized time,0.3333333432674408,0.10168246924877167,-0.017738815397024155
Normalized time,0.34343433380126953,0.10176665335893631,-0.017564577981829643
Normalized time,0.35353535413742065,0.10185480862855911,-0.01738492026925087
Normalized time,0.3636363744735718,0.1019473597407341,-0.017199918627738953
Normalized time,0.3737373650074005,0.10204482078552246,-0.017009660601615906
Normalized time,0.38383838534355164,0.10214763879776001,-0.0168142206966877
Normalized time,0.39393940567970276,0.10225627571344376,-0.016613684594631195
Normalized time,0.4040403962135315,0.1023712232708931,-0.016408132389187813
Normalized time,0.4141414165496826,0.10249295830726624,-0.016197649762034416
Normalized time,0.42424243688583374,0.10262194275856018,-0.015982309356331825
Normalized time,0.4343434274196625,0.10275864601135254,-0.015762202441692352
Normalized time,0.4444444477558136,0.1029035747051239,-0.015537410043179989
Normalized time,0.4545454680919647,0.10305716842412949,-0.015308013185858727
Normalized time,0.46464645862579346,0.1032198816537857,-0.015074094757437706
Normalized time,0.4747474789619446,0.10339219123125076,-0.014835741370916367
Normalized time,0.4848484992980957,0.10357458889484406,-0.014593033120036125
Normalized time,0.49494948983192444,0.10376746952533722,-0.01434605848044157
Normalized time,0.5050504803657532,0.10397131741046906,-0.014094891026616096
Normalized time,0.5151515007019043,0.1041865274310112,-0.01383962295949459
Normalized time,0.5252525210380554,0.10441358387470245,-0.01358033623546362
Normalized time,0.5353535413742065,0.10465285927057266,-0.013317117467522621
Normalized time,0.5454545617103577,0.10490479320287704,-0.013050045818090439
Normalized time,0.5555555820465088,0.10516976565122604,-0.012779206968843937
Normalized time,0.5656565427780151,0.1054481714963913,-0.01250468473881483
Normalized time,0.5757575631141663,0.10574040561914444,-0.012226568534970284
Normalized time,0.5858585834503174,0.10604680329561234,-0.011944934725761414
Normalized time,0.5959596037864685,0.10636774450540543,-0.011659874580800533
Normalized time,0.6060606241226196,0.10670356452465057,-0.011371472850441933
Normalized time,0.6161616444587708,0.10705456882715225,-0.011079810559749603
Normalized time,0.6262626051902771,0.10742109268903732,-0.010784972459077835
Normalized time,0.6363636255264282,0.10780341178178787,-0.01048705168068409
Normalized time,0.6464646458625793,0.10820180922746658,-0.01018611527979374
Normalized time,0.6565656661987305,0.10861656814813614,-0.009882261976599693
Normalized time,0.6666666865348816,0.10904791206121445,-0.009575573727488518
Normalized time,0.6767677068710327,0.1094960868358612,-0.009266137145459652
Normalized time,0.6868686676025391,0.10996130853891373,-0.008954040706157684
Normalized time,0.6969696879386902,0.11044377833604813,-0.008639361709356308
Normalized time,0.7070707082748413,0.11094366759061813,-0.00832219049334526
Normalized time,0.7171717286109924,0.11146114766597748,-0.00800260342657566
Normalized time,0.7272727489471436,0.11199638247489929,-0.007680697366595268
Normalized time,0.7373737096786499,0.11254947632551193,-0.007356550078839064
Normalized time,0.747474730014801,0.11312055587768555,-0.0070302486419677734
Normalized time,0.7575757503509521,0.11370973289012909,-0.006701880134642124
Normalized time,0.7676767706871033,0.11431708186864853,-0.006371527444571257
Normalized time,0.7777777910232544,0.11494264006614685,-0.006039275787770748
Normalized time,0.7878788113594055,0.11558648943901062,-0.005705210845917463
Normalized time,0.7979797720909119,0.11624865233898163,-0.005369421094655991
Normalized time,0.808080792427063,0.11692915856838226,-0.005031992215663195
Normalized time,0.8181818127632141,0.11762799322605133,-0.004693000111728907
Normalized time,0.8282828330993652,0.11834516376256943,-0.0043525430373847485
Normalized time,0.8383838534355164,0.11908061802387238,-0.004010696429759264
Normalized time,0.8484848737716675,0.11983434110879898,-0.003667552024126053
Normalized time,0.8585858345031738,0.12060625851154327,-0.003323187120258808
Normalized time,0.868686854839325,0.12139631807804108,-0.0029776981100440025
Normalized time,0.8787878751754761,0.12220443785190582,-0.0026311627589166164
Normalized time,0.8888888955116272,0.12303054332733154,-0.0022836728021502495
Normalized time,0.8989899158477783,0.1238744929432869,-0.001935302745550871
Normalized time,0.9090909361839294,0.12473621219396591,-0.001586155965924263
Normalized time,0.9191918969154358,0.12561553716659546,-0.0012363046407699585
Normalized time,0.9292929172515869,0.12651236355304718,-0.0008858321234583855
Normalized time,0.939393937587738,0.12742657959461212,-0.0005348324775695801
Normalized time,0.9494949579238892,0.12835797667503357,-0.00018339324742555618
Normalized time,0.9595959782600403,0.12930642068386078,0.00016840733587741852
Normalized time,0.9696969985961914,0.13027173280715942,0.0005204761400818825
Normalized time,0.9797979593276978,0.13125376403331757,0.0008727274835109711
Normalized time,0.9898989796638489,0.13225232064723969,0.0012250794097781181
Normalized time,1.0,0.13326720893383026,0.001577446237206459
Latent 4,-0.18446636199951172,0.10303832590579987,-0.009602334350347519
Latent 4,-0.1788926124572754,0.10297316312789917,-0.009692469611763954
Latent 4,-0.17331886291503906,0.10291091352701187,-0.009782982990145683
Latent 4,-0.16774512827396393,0.10285159945487976,-0.009873874485492706
Latent 4,-0.1621713787317276,0.10279531031847,-0.009965164586901665
Latent 4,-0.15659762918949127,0.10274210572242737,-0.010056858882308006
Latent 4,-0.15102389454841614,0.10269203782081604,-0.01014895923435688
Latent 4,-0.1454501450061798,0.10264516621828079,-0.01024148054420948
Latent 4,-0.13987639546394348,0.1026015430688858,-0.010334426537156105
Latent 4,-0.13430264592170715,0.10256125032901764,-0.010427813977003098
Latent 4,-0.12872889637947083,0.10252433270215988,-0.010521642863750458
Latent 4,-0.12315516173839569,0.10249083489179611,-0.010615924373269081
Latent 4,-0.11758141219615936,0.1024608388543129,-0.010710665956139565
Latent 4,-0.11200766265392303,0.10243439674377441,-0.010805876925587654
Latent 4,-0.1064339205622673,0.10241157561540604,-0.010901568457484245
Latent 4,-0.10086017847061157,0.10239241272211075,-0.010997742414474487
Latent 4,-0.09528642892837524,0.10237697511911392,-0.011094411835074425
Latent 4,-0.08971267938613892,0.10236533731222153,-0.011191586032509804
Latent 4,-0.08413893729448318,0.10235753655433655,-0.011289272457361221
Latent 4,-0.07856519520282745,0.10235363990068436,-0.011387476697564125
Latent 4,-0.07299144566059113,0.10235368460416794,-0.011486207135021687
Latent 4,-0.0674176961183548,0.10235775262117386,-0.011585477739572525
Latent 4,-0.061843954026699066,0.1023659035563469,-0.011685291305184364
Latent 4,-0.056270208209753036,0.10237816721200943,-0.011785658076405525
Latent 4,-0.05069646239280701,0.10239461064338684,-0.011886581778526306
Latent 4,-0.04512271657586098,0.1024152860045433,-0.011988082900643349
Latent 4,-0.03954897075891495,0.1024402379989624,-0.012090153060853481
Latent 4,-0.03397522494196892,0.1024695485830307,-0.012192818336188793
Latent 4,-0.028401479125022888,0.10250325500965118,-0.01229607593268156
Latent 4,-0.02282773330807686,0.10254137963056564,-0.01239993330091238
Latent 4,-0.01725398749113083,0.10258400440216064,-0.012504400685429573
Latent 4,-0.0116802416741848,0.10263118147850037,-0.012609491124749184
Latent 4,-0.0061064958572387695,0.1026829406619072,-0.012715207412838936
Latent 4,-0.0005327500402927399,0.1027393490076065,-0.012821557931602001
Latent 4,0.00504099577665329,0.10280044376850128,-0.01292855478823185
Latent 4,0.01061474159359932,0.1028662621974945,-0.013036202639341354
Latent 4,0.01618848741054535,0.10293687134981155,-0.013144509866833687
Latent 4,0.02176223322749138,0.10301230102777481,-0.013253485783934593
Latent 4,0.02733597904443741,0.10309261083602905,-0.01336313970386982
Latent 4,0.03290972486138344,0.10317783057689667,-0.013473479077219963
Latent 4,0.03848347067832947,0.10326799750328064,-0.013584510423243046
Latent 4,0.0440572164952755,0.10336317121982574,-0.013696243986487389
Latent 4,0.04963096231222153,0.10346336662769318,-0.013808686286211014
Latent 4,0.05520470812916756,0.1035686507821083,-0.013921847566962242
Latent 4,0.060778453946113586,0.10367903858423233,-0.014035731554031372
Latent 4,0.06635220348834991,0.10379459708929062,-0.014150354079902172
Latent 4,0.07192594558000565,0.10391532629728317,-0.014265716075897217
Latent 4,0.07749968767166138,0.10404128581285477,-0.014381829649209976
Latent 4,0.0830734372138977,0.10417250543832779,-0.014498701319098473
Latent 4,0.08864718675613403,0.10430900007486343,-0.014616336673498154
Latent 4,0.09422093629837036,0.10445082932710648,-0.014734752476215363
Latent 4,0.09979468584060669,0.1045980304479599,-0.014853950589895248
Latent 4,0.10536843538284302,0.10475057363510132,-0.01497393287718296
Latent 4,0.11094217747449875,0.10490856319665909,-0.015094720758497715
Latent 4,0.11651591956615448,0.10507199168205261,-0.015216317027807236
Latent 4,0.12208966910839081,0.10524088144302368,-0.015338723547756672
Latent 4,0.12766341865062714,0.10541526973247528,-0.015461957082152367
Latent 4,0.13323715329170227,0.1055951789021492,-0.015586024150252342
Latent 4,0.1388109028339386,0.10578062385320663,-0.01571093127131462
Latent 4,0.14438465237617493,0.10597164183855057,-0.01583668403327465
Latent 4,0.14995840191841125,0.1061682477593422,-0.015963293612003326
Latent 4,0.15553215146064758,0.1063704714179039,-0.016090771183371544
Latent 4,0.16110588610172272,0.10657831281423569,-0.016219116747379303
Latent 4,0.16667963564395905,0.10679180175065994,-0.01634834334254265
Latent 4,0.17225338518619537,0.10701096057891846,-0.016478460282087326
Latent 4,0.1778271198272705,0.10723581165075302,-0.016609475016593933
Latent 4,0.18340086936950684,0.10746634751558304,-0.016741394996643066
Latent 4,0.18897461891174316,0.10770260542631149,-0.016874225810170174
Latent 4,0.1945483684539795,0.10794460028409958,-0.017007986083626747
Latent 4,0.20012211799621582,0.1081923395395279,-0.01714267209172249
Latent 4,0.20569585263729095,0.10844580829143524,-0.017278289422392845
Latent 4,0.21126960217952728,0.1087050661444664,-0.017414862290024757
Latent 4,0.2168433517217636,0.10897010564804077,-0.017552383244037628
Latent 4,0.22241708636283875,0.10924093425273895,-0.01769087091088295
Latent 4,0.22799083590507507,0.10951755195856094,-0.01783032715320587
Latent 4,0.2335645854473114,0.10979998111724854,-0.017970765009522438
Latent 4,0.23913833498954773,0.11008823662996292,-0.018112191930413246
Latent 4,0.24471208453178406,0.1103823184967041,-0.018254609778523445
Latent 4,0.2502858340740204,0.11068220436573029,-0.01839803159236908
Latent 4,0.2558595538139343,0.11098795384168625,-0.018542466685175896
Latent 4,0.26143330335617065,0.1112995445728302,-0.01868792250752449
Latent 4,0.267007052898407,0.11161697655916214,-0.01883440837264061
Latent 4,0.2725808024406433,0.11194024980068207,-0.018981924280524254
Latent 4,0.27815455198287964,0.11226940155029297,-0.019130494445562363
Latent 4,0.28372830152511597,0.11260440200567245,-0.01928011141717434
Latent 4,0.2893020510673523,0.11294527351856232,-0.019430793821811676
Latent 4,0.2948758006095886,0.11329200863838196,-0.01958254538476467
Latent 4,0.30044955015182495,0.11364462226629257,-0.01973537728190422
Latent 4,0.3060232698917389,0.11400310695171356,-0.01988929510116577
Latent 4,0.3115970194339752,0.11436746269464493,-0.020044302567839622
Latent 4,0.31717076897621155,0.11473771184682846,-0.020200422033667564
Latent 4,0.3227445185184479,0.11511381715536118,-0.020357646048069
Latent 4,0.3283182680606842,0.11549582332372665,-0.02051599882543087
Latent 4,0.33389201760292053,0.11588370054960251,-0.020675472915172577
Latent 4,0.33946576714515686,0.11627747863531113,-0.020836085081100464
Latent 4,0.3450394868850708,0.1166771650314331,-0.020997829735279083
Latent 4,0.35061323642730713,0.11708278954029083,-0.021160714328289032
Latent 4,0.35618698596954346,0.1174943819642067,-0.021324727684259415
Latent 4,0.3617607355117798,0.11791196465492249,-0.021489880979061127
Latent 4,0.3673344850540161,0.11833556741476059,-0.02165616676211357
